﻿<layouts>
  <layout name="Default" width="1533" height="752" size="1533" prefSize="1533" defaultHorSize="-1" defaultVerSize="-1" type="Horizontal">
    <group size="64" prefSize="64" defaultHorSize="65" defaultVerSize="130" type="Vertical">
      <item size="374" prefSize="374" defaultHorSize="65" defaultVerSize="130" id="Toolbox" visible="True" status="Dockable" />
      <item size="375" prefSize="375" defaultHorSize="65" defaultVerSize="130" id="Palette" visible="True" status="Dockable" />
    </group>
    <item size="1260" prefSize="1260" defaultHorSize="130" defaultVerSize="130" id="Canvas" visible="True" status="Dockable" />
    <group size="203" prefSize="203" defaultHorSize="130" defaultVerSize="130" type="Vertical">
      <item size="255" prefSize="255" defaultHorSize="130" defaultVerSize="130" id="Layers" visible="True" status="Dockable" />
      <item size="235" prefSize="235" defaultHorSize="130" defaultVerSize="130" id="Images" visible="True" status="Dockable" />
      <item size="256" prefSize="256" defaultHorSize="130" defaultVerSize="130" id="History" visible="True" status="Dockable" />
    </group>
  </layout>
</layouts>